,count
FMT_Format,2588
FMT_Type,2588
FMT_Name,2588
FMT_Length,2588
MODE_Mode,2541
GPS_HDop,2525
GPS_NSats,2525
GPS_Spd,2525
GPS_Status,2525
GPS_Alt,2525
GPS_GCrs,2525
GPS_Lat,2525
GPS_Lng,2525
DU32_Id,2514
DU32_Value,2514
ATT_Roll,2498
ATT_Yaw,2498
ATT_Pitch,2497
EV_Id,2472
CURR_Curr,2463
CURR_CurrTot,2463
CURR_Volt,2463
GPS_VZ,2440
PM_NLoop,2433
PM_NLon,2433
PM_I2CErr,2433
PM_MaxT,2433
PM_PMT,2416
PM_INSErr,2342
PARM_Value,2339
PARM_Name,2339
ATT_DesPitch,2224
ATT_DesRoll,2224
ATT_DesYaw,2223
MSG_Message,2204
CURR_Vcc,2154
CTUN_DSAlt,2151
CTUN_CRt,2151
CTUN_Alt,2151
CTUN_SAlt,2151
CTUN_DCRt,2151
CTUN_DAlt,2151
FMT_Columns,2128
CTUN_ThrOut,2124
CTUN_ThrIn,2079
CTUN_BarAlt,2074
CTUN_AngBst,2074
ATT_ErrRP,2046
ATT_ErrYaw,2046
GPS_RelAlt,1943
MODE_ThrCrs,1912
CURR_ThrInt,1906
GPS_T,1860
GPS_Week,1860
GPS_TimeMS,1860
CURR_ThrOut,1817
PM_INAVErr,1768
NTUN_VelX,1757
NTUN_VelY,1757
NTUN_DVelX,1757
NTUN_DVelY,1757
CURR_TimeMS,1646
ATT_TimeMS,1621
CTUN_TimeMS,1598
IMU_AccY,1593
IMU_GyrY,1593
IMU_GyrZ,1593
IMU_AccZ,1593
IMU_AccX,1593
IMU_GyrX,1593
NTUN_PosY,1542
NTUN_DAccX,1542
NTUN_DPosX,1542
NTUN_PosX,1542
NTUN_DPosY,1542
NTUN_DAccY,1542
RCIN_C2,1471
RCIN_C9,1471
RCIN_C12,1471
RCIN_C13,1471
RCIN_C7,1471
RCIN_C4,1471
RCIN_C1,1471
RCIN_C8,1471
RCIN_C11,1471
RCIN_C6,1471
RCIN_C3,1471
RCIN_C10,1471
RCIN_C5,1471
BARO_Alt,1371
BARO_Temp,1371
BARO_Press,1371
BARO_CRt,1370
ERR_ECode,1332
ERR_Subsys,1332
NTUN_TimeMS,1152
RAD_TxBuf,1117
RAD_RemNoise,1117
RAD_Noise,1117
RAD_RemRSSI,1117
RAD_RxErrors,1117
RAD_Fixed,1117
RAD_RSSI,1117
IMU_TimeMS,989
MAG_MagX,960
